{
  " lisovapisnyaa@gmail": {
    "com": " lisovapisnyaa@gmail.com"
  },
  "@lisovapisnyaa": "@lisovapisnyaa",
  "ABOUT ME": "ABOUT ME",
  "Add to Favorites": "Add to Favorites",
  "All Favorites collections are displayed on the homepage": "All Favorites collections are displayed on the homepage",
  "Are you sure you want to delete item ?": "Are you sure you want to delete item ?",
  "Cancel": "Cancel",
  "Change Status": "Change Status",
  "Choose a file": "Choose a file",
  "Close": "Close",
  "Create": "Create",
  "Create Category": "Create Category",
  "Create Collection": "Create Collection",
  "Create Photo": "Create Photo",
  "Delete": "Delete",
  "Do you want to change this collection status?": "Do you want to change this collection status?",
  "Edit": "Edit",
  "Empty Page (((": "Empty Page (((",
  "Enter Category name": {
    "": {
      "": {
        "": ""
      }
    }
  },
  "Enter title name": {
    "": {
      "": {
        "": ""
      }
    }
  },
  "Is Horizontal Photo": "Is Horizontal Photo",
  "Log out →": "Log out →",
  "MY PORTFOLIO →": "MY PORTFOLIO →",
  "Once deleted, you will not be able to recover it": "Once deleted, you will not be able to recover it",
  "PORTFOLIO": "PORTFOLIO",
  "PRICE": "PRICE",
  "PROFILE EDITOR": "PROFILE EDITOR",
  "Password": "Password",
  "Profile Editor": "Profile Editor",
  "Select Photo": "Select Photo",
  "Sorry, this page is empty": "Sorry, this page is empty",
  "Username": "Username",
  "fb →": "fb →",
  "inst →": "inst →",
  "Авторизація": "Авторизація",
  "Назад": "Назад",
  "Оновити сторінку": "Оновити сторінку",
  "Перезавантажте сторінку": "Перезавантажте сторінку",
  "Про нас": "Про нас",
  "Сторінка не знайдена": "Сторінка не знайдена",
  "Увійти": "Увійти",
  "Щось пішло не так": "Щось пішло не так"
}
